Elementary School,MANHATTAN
Elementary School,MANHATTAN
Elementary School,MANHATTAN
Elementary / Middle School,MANHATTAN
Elementary School,MANHATTAN
Elementary School,MANHATTAN
Elementary School,MANHATTAN
Elementary School,MANHATTAN
Elementary School,MANHATTAN
Elementary / Middle School,MANHATTAN
Elementary School,MANHATTAN
Elementary / Middle School,MANHATTAN
Elementary / Middle School,MANHATTAN
Middle / High School,MANHATTAN
Middle School,MANHATTAN
Elementary School,MANHATTAN
Middle School,MANHATTAN
Middle School,MANHATTAN
Elementary School,MANHATTAN
Elementary School,MANHATTAN
Elementary School,MANHATTAN
Middle School,MANHATTAN
High School,MANHATTAN
Middle / High School,MANHATTAN
High School,MANHATTAN
High School,MANHATTAN
Elementary / Middle / High School,MANHATTAN
High School,MANHATTAN
High School,MANHATTAN
Middle School,MANHATTAN
Elementary School,MANHATTAN
Elementary School,MANHATTAN
Elementary School,MANHATTAN
Elementary School,MANHATTAN
Elementary School,MANHATTAN
Elementary School,MANHATTAN
Elementary School,MANHATTAN
Elementary School,MANHATTAN
Elementary School,MANHATTAN
Middle / High School,MANHATTAN
Elementary School,MANHATTAN
Elementary School,NEW YORK
Elementary School,MANHATTAN
Elementary School,MANHATTAN
Middle School,MANHATTAN
Elementary / Middle School,MANHATTAN
Middle School,MANHATTAN
Elementary School,MANHATTAN
Elementary School,MANHATTAN
Elementary / Middle School,MANHATTAN
Elementary School,MANHATTAN
Middle School,MANHATTAN
Elementary School,MANHATTAN
Early Childhood School,NEW YORK
Elementary School,MANHATTAN
Middle School,MANHATTAN
Elementary School,MANHATTAN
Elementary School,MANHATTAN
Elementary School,MANHATTAN
Elementary / Middle School,MANHATTAN
Elementary / Middle School,MANHATTAN
Elementary School,MANHATTAN
Middle School,MANHATTAN
Middle School,MANHATTAN
Early Childhood School,MANHATTAN
High School,MANHATTAN
Middle School,MANHATTAN
Elementary School,MANHATTAN
High School,MANHATTAN
High School,MANHATTAN
High School,MANHATTAN
High School,MANHATTAN
High School,MANHATTAN
High School,MANHATTAN
High School,MANHATTAN
Middle School,MANHATTAN
High School,MANHATTAN
High School,NEW YORK
Elementary School,MANHATTAN
High School,NEW YORK
High School,MANHATTAN
High School,MANHATTAN
High School,MANHATTAN
High School,MANHATTAN
Early Childhood School,MANHATTAN
High School,NEW YORK
High School,NEW YORK
Middle / High School,MANHATTAN
Middle / High School,MANHATTAN
High School,MANHATTAN
High School,MANHATTAN
Middle / High School,MANHATTAN
High School,MANHATTAN
High School,MANHATTAN
High School,MANHATTAN
High School,MANHATTAN
High School,MANHATTAN
Middle School,MANHATTAN
High School,MANHATTAN
High School,MANHATTAN
High School,MANHATTAN
High School,MANHATTAN
Elementary / Middle School,MANHATTAN
High School,MANHATTAN
High School,MANHATTAN
High School,NEW YORK
YABC,NEW YORK
High School,MANHATTAN
High School,MANHATTAN
High School,MANHATTAN
High School,MANHATTAN
High School,MANHATTAN
High School,MANHATTAN
High School,MANHATTAN
High School,MANHATTAN
High School,MANHATTAN
High School,MANHATTAN
High School,MANHATTAN
High School,MANHATTAN
High School,MANHATTAN
High School,MANHATTAN
High School,MANHATTAN
High School,MANHATTAN
High School,MANHATTAN
High School,MANHATTAN
High School,MANHATTAN
High School,MANHATTAN
High School,MANHATTAN
High School,NEW YORK
High School,MANHATTAN
High School,MANHATTAN
Middle / High School,MANHATTAN
High School,MANHATTAN
Middle School,MANHATTAN
Elementary School,MANHATTAN
Middle School,MANHATTAN
Middle School,MANHATTAN
Elementary School,MANHATTAN
Elementary School,MANHATTAN
Elementary School,MANHATTAN
Elementary School,MANHATTAN
Elementary School,MANHATTAN
Elementary / Middle School,MANHATTAN
Elementary School,MANHATTAN
Elementary / Middle School,MANHATTAN
Elementary School,MANHATTAN
Elementary / Middle School,MANHATTAN
Early Childhood School,MANHATTAN
Elementary / Middle School,MANHATTAN
Elementary School,MANHATTAN
Elementary School,MANHATTAN
Elementary / Middle School,MANHATTAN
Elementary School,MANHATTAN
Middle School,MANHATTAN
Middle School,MANHATTAN
Middle School,MANHATTAN
Middle School,MANHATTAN
Middle School,MANHATTAN
Middle School,MANHATTAN
Middle School,MANHATTAN
High School,MANHATTAN
High School,MANHATTAN
High School,MANHATTAN
Elementary / Middle School,MANHATTAN
Elementary / Middle School,MANHATTAN
High School,MANHATTAN
High School,MANHATTAN
High School,MANHATTAN
Middle / High School,MANHATTAN
Middle School,MANHATTAN
High School,MANHATTAN
High School,MANHATTAN
High School,MANHATTAN
High School,MANHATTAN
High School,MANHATTAN
High School,MANHATTAN
High School,MANHATTAN
YABC,NEW YORK
Elementary / Middle School,MANHATTAN
Middle / High School,MANHATTAN
Middle School,MANHATTAN
Elementary / Middle School,MANHATTAN
Elementary / Middle School,MANHATTAN
Middle School,MANHATTAN
Elementary School,MANHATTAN
Elementary School,MANHATTAN
Middle School,MANHATTAN
Elementary / Middle School,MANHATTAN
Elementary / Middle School,MANHATTAN
Elementary School,MANHATTAN
Elementary School,MANHATTAN
Elementary / Middle School,MANHATTAN
Middle School,MANHATTAN
Elementary School,MANHATTAN
Elementary / Middle School,MANHATTAN
Early Childhood School,MANHATTAN
Middle School,MANHATTAN
Elementary School,MANHATTAN
Elementary School,MANHATTAN
Elementary / Middle School,MANHATTAN
Elementary School,MANHATTAN
Elementary School,MANHATTAN
Middle School,MANHATTAN
Middle School,MANHATTAN
Elementary School,MANHATTAN
Middle School,MANHATTAN
Middle School,MANHATTAN
Middle School,MANHATTAN
High School,MANHATTAN
High School,MANHATTAN
High School,MANHATTAN
Elementary School,MANHATTAN
High School,MANHATTAN
Middle / High School,MANHATTAN
Middle / High School,MANHATTAN
High School,MANHATTAN
High School,MANHATTAN
Middle School,MANHATTAN
Elementary School,MANHATTAN
Elementary School,MANHATTAN
Early Childhood School,MANHATTAN
Elementary School,MANHATTAN
Elementary School,MANHATTAN
Elementary / Middle School,MANHATTAN
Elementary School,MANHATTAN
Elementary / Middle School,MANHATTAN
Elementary School,MANHATTAN
Elementary School,MANHATTAN
Elementary / Middle School,MANHATTAN
Elementary School,MANHATTAN
Elementary School,MANHATTAN
Middle School,MANHATTAN
Elementary School,MANHATTAN
Elementary School,MANHATTAN
High School,MANHATTAN
Middle School,MANHATTAN
Middle School,MANHATTAN
High School,MANHATTAN
Middle School,MANHATTAN
Elementary School,MANHATTAN
Middle School,MANHATTAN
Middle School,MANHATTAN
Middle / High School,MANHATTAN
High School,MANHATTAN
Middle School,MANHATTAN
Middle / High School,MANHATTAN
Middle / High School,MANHATTAN
Middle / High School,NEW YORK
High School,MANHATTAN
High School,NEW YORK
Elementary School,MANHATTAN
Elementary School,MANHATTAN
Elementary School,MANHATTAN
Elementary / Middle School,MANHATTAN
Elementary School,MANHATTAN
Elementary School,MANHATTAN
Middle School,MANHATTAN
Elementary School,MANHATTAN
Elementary School,MANHATTAN
Elementary School,MANHATTAN
Elementary School,MANHATTAN
Middle School,MANHATTAN
Elementary School,MANHATTAN
Elementary School,MANHATTAN
Elementary School,MANHATTAN
Early Childhood School,MANHATTAN
Elementary / Middle School,MANHATTAN
Elementary School,MANHATTAN
Elementary School,MANHATTAN
Elementary / Middle School,NEW YORK
Middle School,MANHATTAN
Middle School,MANHATTAN
Elementary / Middle School,MANHATTAN
Middle / High School,MANHATTAN
Elementary / Middle School,MANHATTAN
Elementary School,MANHATTAN
Middle School,MANHATTAN
Middle School,MANHATTAN
Middle School,MANHATTAN
Middle School,MANHATTAN
Elementary School,MANHATTAN
Middle School,MANHATTAN
Middle School,MANHATTAN
Middle / High School,MANHATTAN
Middle / High School,MANHATTAN
Middle School,MANHATTAN
Elementary School,MANHATTAN
Elementary School,NEW YORK
High School,MANHATTAN
YABC,NEW YORK
High School,MANHATTAN
High School,MANHATTAN
High School,MANHATTAN
High School,MANHATTAN
Middle School,MANHATTAN
High School,MANHATTAN
High School,MANHATTAN
Elementary School,BRONX
Elementary School,BRONX
Elementary School,BRONX
Elementary School,BRONX
Elementary / Middle School,BRONX
Elementary School,BRONX
Elementary / Middle School,BRONX
Elementary School,BRONX
Elementary School,BRONX
Elementary School,BRONX
Middle School,BRONX
Elementary School,BRONX
Elementary School,BRONX
Elementary School,BRONX
Middle School,BRONX
Elementary School,BRONX
Middle School,BRONX
Middle / High School,BRONX
Middle School,BRONX
Middle School,BRONX
Elementary School,BRONX
Middle School,BRONX
Middle School,BRONX
High School,BRONX
High School,BRONX
Middle School,BRONX
Elementary School,BRONX
High School,BRONX
Elementary School,BRONX
High School,BRONX
High School,BRONX
Middle / High School,BRONX
High School,BRONX
High School,BRONX
High School,BRONX
Middle / High School,BRONX
High School,BRONX
High School,BRONX
High School,BRONX
Elementary School,BRONX
Elementary School,BRONX
Elementary School,BRONX
Elementary School,BRONX
Elementary School,BRONX
Elementary / Middle School,BRONX
Elementary School,BRONX
Elementary School,BRONX
Elementary School,BRONX
Elementary School,BRONX
Middle School,BRONX
Elementary School,BRONX
Elementary School,BRONX
Middle School,BRONX
Middle School,BRONX
Elementary School,BRONX
Middle School,BRONX
Elementary School,BRONX
Elementary School,BRONX
Elementary School,BRONX
Elementary School,BRONX
Elementary School,BRONX
Middle School,BRONX
High School,BRONX
High School,BRONX
High School,BRONX
Middle School,BRONX
Middle School,BRONX
Elementary School,BRONX
High School,BRONX
High School,BRONX
High School,BRONX
Early Childhood School,BRONX
Elementary School,BRONX
Middle School,BRONX
Middle School,BRONX
Middle School,BRONX
Middle School,BRONX
Middle School,BRONX
Middle School,BRONX
High School,BRONX
High School,BRONX
High School,BRONX
YABC,BRONX
Middle School,BRONX
Middle School,BRONX
High School,BRONX
Middle School,BRONX
YABC,BRONX
High School,BRONX
High School,BRONX
High School,BRONX
High School,BRONX
High School,BRONX
Elementary School,BRONX
Elementary / Middle School,BRONX
Elementary School,BRONX
Middle School,BRONX
Elementary School,BRONX
Elementary School,BRONX
Elementary School,BRONX
Elementary School,BRONX
Elementary School,BRONX
Elementary School,BRONX
Elementary School,BRONX
Elementary School,BRONX
Elementary School,BRONX
Elementary School,BRONX
Early Childhood School,BRONX
Elementary School,BRONX
Elementary School,BRONX
Elementary School,BRONX
Elementary School,BRONX
Middle School,BRONX
Elementary School,BRONX
Middle School,BRONX
Elementary School,BRONX
Middle School,BRONX
Elementary School,BRONX
Middle School,BRONX
Early Childhood School,BRONX
Elementary School,BRONX
Elementary School,BRONX
Middle School,BRONX
Elementary / Middle School,BRONX
Middle School,BRONX
High School,BRONX
Middle School,BRONX
Elementary School,BRONX
High School,BRONX
Middle School,BRONX
Early Childhood School,BRONX
High School,BRONX
Middle / High School,BRONX
Middle / High School,BRONX
High School,BRONX
High School,BRONX
High School,BRONX
High School,BRONX
High School,BRONX
Middle School,BRONX
Middle School,BRONX
Middle School,BRONX
Middle School,BRONX
Middle School,BRONX
Middle School,BRONX
Middle School,BRONX
High School,BRONX
Middle School,BRONX
High School,BRONX
High School,BRONX
High School,BRONX
High School,BRONX
Middle / High School,BRONX
High School,BRONX
Early Childhood School,BRONX
Early Childhood School,BRONX
Middle School,BRONX
Early Childhood School,BRONX
Middle / High School,BRONX
Middle / High School,BRONX
High School,BRONX
High School,BRONX
High School,BRONX
Elementary / Middle School,BRONX
Elementary School,BRONX
Elementary School,BRONX
Elementary School,BRONX
Elementary / Middle School,BRONX
Elementary / Middle School,BRONX
Early Childhood School,BRONX
Elementary School,BRONX
Elementary School,BRONX
Elementary School,BRONX
Elementary / Middle School,BRONX
Middle School,BRONX
Elementary School,BRONX
Elementary School,BRONX
Elementary School,BRONX
Elementary School,BRONX
Elementary School,BRONX
Elementary School,BRONX
Middle School,BRONX
Elementary School,BRONX
Elementary School,BRONX
Elementary School,BRONX
Elementary School,BRONX
Elementary School,BRONX
Elementary / Middle School,BRONX
Middle School,BRONX
Middle / High School,BRONX
Elementary School,BRONX
Elementary School,BRONX
Middle School,BRONX
Early Childhood School,BRONX
Early Childhood School,BRONX
High School,BRONX
Middle / High School,BRONX
Elementary School,BRONX
Middle School,BRONX
High School,BRONX
Middle / High School,BRONX
Middle School,BRONX
Elementary School,BRONX
Middle School,BRONX
High School,BRONX
Elementary / Middle School,BRONX
Elementary / Middle School,BRONX
High School,BRONX
Elementary School,BRONX
Elementary School,BRONX
Elementary School,BRONX
Middle School,BRONX
Elementary School,BRONX
Elementary / Middle School,BRONX
High School,BRONX
Middle School,BRONX
Elementary School,BRONX
Middle / High School,BRONX
Elementary School,BRONX
Elementary School,BRONX
Middle / High School,BRONX
High School,BRONX
Early Childhood School,BRONX
Early Childhood School,BRONX
Middle School,BRONX
Middle School,BRONX
Elementary School,BRONX
High School,BRONX
Middle School,BRONX
High School,BRONX
High School,BRONX
High School,BRONX
High School,BRONX
High School,BRONX
High School,BRONX
High School,BRONX
High School,BRONX
Middle School,BRONX
Middle School,BRONX
High School,BRONX
High School,BRONX
High School,BRONX
YABC,BRONX
YABC,BRONX
High School,BRONX
High School,BRONX
High School,BRONX
YABC,BRONX
High School,BRONX
Elementary School,BRONX
Elementary / Middle School,BRONX
Elementary School,BRONX
Elementary School,BRONX
Elementary School,BRONX
Elementary School,BRONX
Elementary School,BRONX
Elementary / Middle School,BRONX
Elementary School,BRONX
Elementary / Middle School,BRONX
Elementary School,BRONX
Elementary School,BRONX
Elementary School,BRONX
Elementary School,BRONX
Elementary School,BRONX
Elementary School,BRONX
Elementary School,BRONX
Elementary School,BRONX
Elementary School,BRONX
Middle School,BRONX
Middle School,BRONX
Middle School,BRONX
Elementary School,BRONX
Elementary School,BRONX
Early Childhood School,BRONX
Elementary / Middle School,BRONX
Elementary School,BRONX
Middle School,BRONX
Middle School,BRONX
Elementary School,BRONX
Elementary / Middle School,BRONX
High School,BRONX
High School,BRONX
High School,BRONX
Middle / High School,BRONX
Middle School,BRONX
High School,BRONX
Middle School,BRONX
High School,BRONX
Middle School,BRONX
High School,BRONX
High School,BRONX
Middle School,BRONX
Middle School,BRONX
Middle School,BRONX
High School,BRONX
YABC,BRONX
High School,BRONX
High School,BRONX
YABC,BRONX
Middle School,BRONX
Middle School,BRONX
High School,BRONX
High School,BRONX
High School,BRONX
High School,BRONX
High School,BRONX
High School,BRONX
Elementary School,BRONX
Elementary School,BRONX
Elementary School,BRONX
Elementary School,BRONX
Elementary School,BRONX
Elementary School,BRONX
Elementary School,BRONX
Elementary School,BRONX
Elementary School,BRONX
Middle School,BRONX
Elementary School,BRONX
Middle School,BRONX
Elementary School,BRONX
Elementary School,BRONX
Middle School,BRONX
Elementary School,BRONX
Elementary School,BRONX
Early Childhood School,BRONX
Elementary School,BRONX
Elementary / Middle School,BRONX
Elementary / Middle School,BRONX
Elementary / Middle School,BRONX
Middle School,BRONX
Middle School,BRONX
Middle School,BRONX
Middle / High School,BRONX
High School,BRONX
High School,BRONX
High School,BRONX
Middle / High School,BRONX
Middle / High School,BRONX
Middle School,BRONX
High School,BRONX
Middle School,BRONX
Elementary School,BRONX
Middle School,BRONX
Middle School,BRONX
Middle School,BRONX
Middle School,BRONX
Middle School,BRONX
Middle School,BRONX
High School,BRONX
YABC,BRONX
Early Childhood School,BRONX
High School,BRONX
High School,BRONX
High School,BRONX
High School,BRONX
High School,BRONX
High School,BRONX
High School,BRONX
High School,BRONX
Elementary School,BRONX
High School,BRONX
Elementary School,BROOKLYN
Elementary School,BROOKLYN
Elementary School,BROOKLYN
Elementary School,BROOKLYN
Elementary School,BROOKLYN
Elementary School,BROOKLYN
Elementary School,BROOKLYN
Elementary School,BROOKLYN
Elementary School,BROOKLYN
Elementary School,BROOKLYN
Elementary School,BROOKLYN
Middle School,BROOKLYN
Middle School,BROOKLYN
Elementary School,BROOKLYN
Elementary School,BROOKLYN
Middle / High School,BROOKLYN
Middle School,BROOKLYN
Elementary School,BROOKLYN
Elementary / Middle School,BROOKLYN
Elementary School,BROOKLYN
Middle School,BROOKLYN
Elementary School,BROOKLYN
Elementary School,BROOKLYN
Middle School,BROOKLYN
Middle School,BROOKLYN
High School,BROOKLYN
High School,BROOKLYN
High School,BROOKLYN
High School,BROOKLYN
High School,BROOKLYN
High School,BROOKLYN
Middle School,BROOKLYN
High School,BROOKLYN
High School,BROOKLYN
Middle School,BROOKLYN
High School,BROOKLYN
Middle School,BROOKLYN
High School,BROOKLYN
Middle School,BROOKLYN
High School,BROOKLYN
Middle School,BROOKLYN
High School,BROOKLYN
High School,BROOKLYN
High School,BROOKLYN
High School,BROOKLYN
Elementary School,BROOKLYN
Elementary School,BROOKLYN
Elementary School,BROOKLYN
Elementary School,BROOKLYN
Elementary School,BROOKLYN
Elementary School,BROOKLYN
Elementary School,BROOKLYN
Middle School,BROOKLYN
Elementary School,BROOKLYN
Middle / High School,BROOKLYN
Elementary School,BROOKLYN
Elementary School,BROOKLYN
Elementary School,BROOKLYN
Middle School,BROOKLYN
Elementary School,BROOKLYN
Elementary School,BROOKLYN
Elementary School,BROOKLYN
Elementary School,BROOKLYN
Elementary School,BROOKLYN
Elementary School,BROOKLYN
Elementary School,BROOKLYN
Middle School,BROOKLYN
Early Childhood School,BROOKLYN
High School,BROOKLYN
Middle School,BROOKLYN
Elementary School,BROOKLYN
High School,BROOKLYN
High School,BROOKLYN
High School,BROOKLYN
High School,BROOKLYN
High School,BROOKLYN
High School,BROOKLYN
High School,BROOKLYN
High School,BROOKLYN
High School,BROOKLYN
Middle School,BROOKLYN
Middle School,BROOKLYN
Middle / High School,BROOKLYN
High School,BROOKLYN
Middle School,BROOKLYN
High School,BROOKLYN
High School,BROOKLYN
YABC,BROOKLYN
Elementary School,BROOKLYN
Elementary School,BROOKLYN
Elementary School,BROOKLYN
Elementary School,BROOKLYN
Elementary / Middle School,BROOKLYN
Elementary School,BROOKLYN
Elementary School,BROOKLYN
Elementary School,BROOKLYN
Elementary School,BROOKLYN
Middle School,BROOKLYN
Elementary School,BROOKLYN
Middle School,BROOKLYN
Elementary School,BROOKLYN
Elementary School,BROOKLYN
Elementary School,BROOKLYN
Elementary School,BROOKLYN
Elementary School,BROOKLYN
Middle School,BROOKLYN
Elementary School,BROOKLYN
Elementary School,BROOKLYN
Elementary School,BROOKLYN
Elementary School,BROOKLYN
Elementary School,BROOKLYN
Elementary School,BROOKLYN
Elementary School,BROOKLYN
Elementary School,BROOKLYN
Elementary School,BROOKLYN
Middle / High School,BROOKLYN
Middle School,BROOKLYN
Middle School,BROOKLYN
Middle School,BROOKLYN
Middle / High School,BROOKLYN
Middle / High School,BROOKLYN
Middle / High School,BROOKLYN
Middle / High School,BROOKLYN
Middle / High School,BROOKLYN
High School,BROOKLYN
High School,BROOKLYN
High School,BROOKLYN
High School,BROOKLYN
High School,BROOKLYN
High School,BROOKLYN
High School,BROOKLYN
Early Childhood School,BROOKLYN
High School,BROOKLYN
Middle School,BROOKLYN
Elementary School,BROOKLYN
Elementary School,BROOKLYN
Elementary School,BROOKLYN
Elementary School,BROOKLYN
Elementary School,BROOKLYN
Middle School,BROOKLYN
Elementary School,BROOKLYN
Middle School,BROOKLYN
Elementary School,BROOKLYN
Elementary School,BROOKLYN
Elementary School,BROOKLYN
Middle School,BROOKLYN
Elementary / Middle School,BROOKLYN
Elementary School,BROOKLYN
Elementary School,BROOKLYN
Middle School,BROOKLYN
Middle / High School,BROOKLYN
High School,BROOKLYN
Middle School,BROOKLYN
Middle School,BROOKLYN
High School,BROOKLYN
Early Childhood School,BROOKLYN
Early Childhood School,BROOKLYN
Elementary School,BROOKLYN
High School,BROOKLYN
Middle School,BROOKLYN
Elementary School,BROOKLYN
Elementary School,BROOKLYN
Elementary School,BROOKLYN
Middle School,BROOKLYN
Elementary School,BROOKLYN
Elementary School,BROOKLYN
Elementary / Middle School,BROOKLYN
Elementary / Middle School,BROOKLYN
Elementary School,BROOKLYN
Elementary / Middle School,BROOKLYN
Elementary / Middle School,BROOKLYN
Elementary School,BROOKLYN
Elementary School,BROOKLYN
Elementary School,BROOKLYN
Middle School,BROOKLYN
Early Childhood School,BROOKLYN
Elementary School,BROOKLYN
Elementary School,BROOKLYN
Middle School,BROOKLYN
Middle School,BROOKLYN
Middle School,BROOKLYN
Middle School,BROOKLYN
Middle School,BROOKLYN
Elementary School,BROOKLYN
Middle / High School,BROOKLYN
Elementary / Middle School,BROOKLYN
Elementary School,BROOKLYN
Elementary School,BROOKLYN
Elementary School,BROOKLYN
High School,BROOKLYN
YABC,BROOKLYN
Middle School,BROOKLYN
High School,BROOKLYN
High School,BROOKLYN
High School,BROOKLYN
Middle / High School,BROOKLYN
Middle / High School,BROOKLYN
High School,BROOKLYN
High School,BROOKLYN
Middle / High School,BROOKLYN
High School,BROOKLYN
High School,BROOKLYN
High School,BROOKLYN
High School,BROOKLYN
High School,BROOKLYN
Middle School,BROOKLYN
Middle / High School,BROOKLYN
High School,BROOKLYN
High School,BROOKLYN
Elementary / Middle School,BROOKLYN
Middle School,BROOKLYN
Elementary School,BROOKLYN
Elementary School,BROOKLYN
Elementary School,BROOKLYN
Elementary School,BROOKLYN
Middle School,BROOKLYN
Elementary School,BROOKLYN
Elementary School,BROOKLYN
Elementary / Middle School,BROOKLYN
Elementary School,BROOKLYN
Elementary School,BROOKLYN
Elementary School,BROOKLYN
Elementary School,BROOKLYN
Elementary School,BROOKLYN
Middle School,BROOKLYN
Middle School,BROOKLYN
High School,BROOKLYN
High School,BROOKLYN
YABC,BROOKLYN
High School,BROOKLYN
High School,BROOKLYN
High School,BROOKLYN
High School,BROOKLYN
High School,BROOKLYN
High School,BROOKLYN
High School,BROOKLYN
Middle School,BROOKLYN
Middle School,BROOKLYN
High School,BROOKLYN
Middle School,BROOKLYN
High School,BROOKLYN
High School,BROOKLYN
High School,BROOKLYN
High School,BROOKLYN
High School,BROOKLYN
High School,BROOKLYN
High School,BROOKLYN
YABC,BROOKLYN
Elementary School,BROOKLYN
Elementary School,BROOKLYN
Elementary School,BROOKLYN
Elementary / Middle School,BROOKLYN
Elementary / Middle School,BROOKLYN
Elementary School,BROOKLYN
Elementary School,BROOKLYN
Elementary School,BROOKLYN
Elementary School,BROOKLYN
Middle School,BROOKLYN
Middle School,BROOKLYN
Elementary / Middle School,BROOKLYN
Elementary School,BROOKLYN
Elementary / Middle School,BROOKLYN
Elementary School,BROOKLYN
Elementary School,BROOKLYN
Middle School,BROOKLYN
Elementary School,BROOKLYN
Elementary School,BROOKLYN
Elementary School,BROOKLYN
Elementary School,BROOKLYN
Middle School,BROOKLYN
Middle School,BROOKLYN
Elementary / Middle School,BROOKLYN
Middle School,BROOKLYN
Elementary / Middle School,BROOKLYN
Elementary School,BROOKLYN
Elementary School,BROOKLYN
Middle School,BROOKLYN
Middle / High School,BROOKLYN
High School,BROOKLYN
YABC,BROOKLYN
Middle School,BROOKLYN
High School,BROOKLYN
High School,BROOKLYN
High School,BROOKLYN
High School,BROOKLYN
High School,BROOKLYN
High School,BROOKLYN
High School,BROOKLYN
High School,BROOKLYN
High School,BROOKLYN
High School,BROOKLYN
Early Childhood School,BROOKLYN
Middle School,BROOKLYN
High School,BROOKLYN
Middle School,BROOKLYN
Elementary School,BROOKLYN
Middle School,BROOKLYN
Elementary School,BROOKLYN
Elementary School,BROOKLYN
Elementary / Middle School,BROOKLYN
Elementary School,BROOKLYN
Elementary School,BROOKLYN
Elementary School,BROOKLYN
Elementary School,BROOKLYN
Elementary School,BROOKLYN
Elementary School,BROOKLYN
Elementary School,BROOKLYN
Elementary School,BROOKLYN
Elementary School,BROOKLYN
Elementary / Middle School,BROOKLYN
Elementary School,BROOKLYN
Elementary School,BROOKLYN
Middle School,BROOKLYN
Elementary / Middle School,BROOKLYN
Elementary School,BROOKLYN
Middle School,BROOKLYN
Elementary School,BROOKLYN
Elementary School,BROOKLYN
Middle School,BROOKLYN
Middle School,BROOKLYN
Middle School,BROOKLYN
Elementary School,BROOKLYN
Elementary School,BROOKLYN
Middle School,BROOKLYN
High School,BROOKLYN
High School,BROOKLYN
High School,BROOKLYN
Elementary School,BROOKLYN
High School,BROOKLYN
Elementary School,BROOKLYN
Middle School,BROOKLYN
YABC,BROOKLYN
Early Childhood School,BROOKLYN
Early Childhood School,BROOKLYN
Elementary School,BROOKLYN
Elementary / Middle School,BROOKLYN
Middle School,BROOKLYN
Elementary School,BROOKLYN
Middle School,BROOKLYN
Elementary / Middle School,BROOKLYN
Elementary School,BROOKLYN
Elementary School,BROOKLYN
Elementary / Middle School,BROOKLYN
Elementary School,BROOKLYN
Elementary School,BROOKLYN
Elementary School,BROOKLYN
Elementary School,BROOKLYN
Elementary School,BROOKLYN
Elementary / Middle School,BROOKLYN
Elementary School,BROOKLYN
Elementary School,BROOKLYN
Elementary School,BROOKLYN
Elementary / Middle School,BROOKLYN
Elementary / Middle School,BROOKLYN
Middle School,BROOKLYN
Elementary / Middle School,BROOKLYN
Middle School,BROOKLYN
Elementary School,BROOKLYN
Middle School,BROOKLYN
Elementary / Middle School,BROOKLYN
Middle School,BROOKLYN
Elementary School,BROOKLYN
High School,BROOKLYN
High School,BROOKLYN
High School,BROOKLYN
High School,BROOKLYN
High School,BROOKLYN
YABC,BROOKLYN
Middle School,BROOKLYN
High School,BROOKLYN
High School,BROOKLYN
High School,BROOKLYN
High School,BROOKLYN
High School,BROOKLYN
Middle / High School,BROOKLYN
High School,BROOKLYN
Middle School,BROOKLYN
Elementary School,BROOKLYN
Middle School,BROOKLYN
Elementary / Middle School,BROOKLYN
Elementary School,BROOKLYN
Elementary School,BROOKLYN
Elementary School,BROOKLYN
Elementary School,BROOKLYN
Elementary School,BROOKLYN
Elementary School,BROOKLYN
Elementary School,BROOKLYN
Elementary School,BROOKLYN
Elementary School,BROOKLYN
Elementary School,BROOKLYN
Elementary / Middle School,BROOKLYN
Elementary / Middle School,BROOKLYN
Elementary School,BROOKLYN
Elementary School,BROOKLYN
Middle School,BROOKLYN
Elementary School,BROOKLYN
Middle School,BROOKLYN
Elementary School,BROOKLYN
Elementary School,BROOKLYN
Elementary School,BROOKLYN
Elementary School,BROOKLYN
Elementary School,BROOKLYN
Elementary School,BROOKLYN
Middle School,BROOKLYN
Elementary School,BROOKLYN
Elementary School,BROOKLYN
Early Childhood School,BROOKLYN
Early Childhood School,BROOKLYN
Middle School,BROOKLYN
High School,BROOKLYN
High School,BROOKLYN
High School,BROOKLYN
High School,BROOKLYN
Middle / High School,BROOKLYN
Elementary / Middle School,BROOKLYN
Elementary / Middle School,BROOKLYN
Elementary / Middle School,BROOKLYN
Elementary / Middle School,BROOKLYN
Elementary / Middle School,BROOKLYN
Elementary School,BROOKLYN
Elementary / Middle School,BROOKLYN
Elementary / Middle School,BROOKLYN
Elementary / Middle School,BROOKLYN
Elementary / Middle School,BROOKLYN
Elementary / Middle School,BROOKLYN
Elementary / Middle School,BROOKLYN
Elementary / Middle School,BROOKLYN
Elementary / Middle School,BROOKLYN
Middle School,BROOKLYN
Middle / High School,BROOKLYN
High School,BROOKLYN
Middle School,BROOKLYN
Middle School,BROOKLYN
Elementary School,BROOKLYN
Middle School,BROOKLYN
High School,BROOKLYN
Middle School,BROOKLYN
High School,BROOKLYN
High School,BROOKLYN
High School,BROOKLYN
Middle / High School,BROOKLYN
Middle School,QUEENS
Early Childhood School,QUEENS
Elementary School,QUEENS
Elementary School,QUEENS
Elementary School,QUEENS
Elementary School,QUEENS
Elementary School,QUEENS
Early Childhood School,QUEENS
Elementary School,QUEENS
Elementary School,QUEENS
Middle School,QUEENS
Elementary School,QUEENS
Elementary School,QUEENS
Middle School,QUEENS
Middle School,QUEENS
Elementary School,QUEENS
Elementary / Middle School,QUEENS
Elementary School,QUEENS
Elementary School,QUEENS
Elementary School,QUEENS
Middle School,QUEENS
Elementary / Middle School,QUEENS
Elementary School,QUEENS
Middle School,QUEENS
Middle School,QUEENS
Elementary School,NEW YORK
Elementary School,QUEENS
Elementary School,QUEENS
Elementary School,QUEENS
Elementary School,QUEENS
Elementary School,QUEENS
High School,QUEENS
High School,QUEENS
High School,QUEENS
High School,QUEENS
High School,QUEENS
Early Childhood School,QUEENS
Early Childhood School,QUEENS
High School,QUEENS
YABC,QUEENS
High School,QUEENS
High School,QUEENS
High School,QUEENS
High School,QUEENS
Middle / High School,QUEENS
High School,QUEENS
High School,QUEENS
High School,QUEENS
Elementary School,QUEENS
Elementary School,QUEENS
Elementary School,QUEENS
Elementary School,QUEENS
Elementary School,QUEENS
Middle School,QUEENS
Elementary School,QUEENS
Elementary School,QUEENS
Elementary School,QUEENS
Elementary School,QUEENS
Elementary School,QUEENS
Elementary School,QUEENS
Early Childhood School,QUEENS
Elementary School,QUEENS
Elementary School,QUEENS
Elementary / Middle School,QUEENS
Elementary School,QUEENS
Elementary School,QUEENS
Elementary School,QUEENS
Middle School,QUEENS
Middle School,QUEENS
Elementary School,QUEENS
Middle School,QUEENS
Elementary / Middle School,QUEENS
Elementary School,QUEENS
Elementary School,QUEENS
Elementary School,QUEENS
Elementary / Middle School,QUEENS
Middle School,QUEENS
Early Childhood School,QUEENS
Early Childhood School,QUEENS
Middle School,QUEENS
Middle / High School,QUEENS
High School,QUEENS
Middle / High School,QUEENS
Middle / High School,QUEENS
Middle School,QUEENS
High School,QUEENS
High School,QUEENS
YABC,QUEENS
Elementary / Middle School,QUEENS
High School,QUEENS
High School,QUEENS
High School,QUEENS
High School,QUEENS
Elementary School,QUEENS
Elementary School,QUEENS
Elementary School,QUEENS
Elementary School,QUEENS
Elementary School,QUEENS
Middle School,QUEENS
Middle School,QUEENS
Elementary School,QUEENS
Elementary School,QUEENS
Elementary School,QUEENS
Elementary School,QUEENS
Middle School,QUEENS
Elementary School,QUEENS
Elementary School,QUEENS
Middle School,QUEENS
Elementary School,QUEENS
Elementary / Middle School,QUEENS
Elementary School,QUEENS
Elementary School,QUEENS
Elementary School,QUEENS
Elementary School,QUEENS
Elementary School,QUEENS
Elementary School,QUEENS
Middle School,QUEENS
Elementary School,QUEENS
Elementary / Middle School,QUEENS
High School,QUEENS
High School,QUEENS
High School,QUEENS
High School,QUEENS
High School,QUEENS
Elementary / Middle School,QUEENS
Elementary / Middle School,QUEENS
Elementary School,QUEENS
Elementary / Middle School,QUEENS
Early Childhood School,QUEENS
Middle School,QUEENS
Elementary School,QUEENS
Elementary School,QUEENS
Elementary School,QUEENS
Elementary School,QUEENS
Elementary School,QUEENS
Elementary School,QUEENS
Elementary School,QUEENS
Elementary School,QUEENS
Elementary School,QUEENS
Elementary School,QUEENS
Elementary School,QUEENS
Elementary School,QUEENS
Elementary / Middle School,QUEENS
Elementary School,QUEENS
Elementary School,QUEENS
Elementary / Middle School,QUEENS
Elementary School,QUEENS
Elementary / Middle School,QUEENS
Middle School,QUEENS
Elementary / Middle School,QUEENS
Elementary School,QUEENS
Elementary / Middle School,QUEENS
Elementary School,QUEENS
Middle School,QUEENS
Elementary / Middle School,QUEENS
Middle School,QUEENS
Elementary School,QUEENS
Elementary School,QUEENS
Elementary / Middle School,QUEENS
Middle School,QUEENS
Elementary / Middle School,QUEENS
Elementary School,QUEENS
Elementary School,QUEENS
High School,QUEENS
Middle / High School,QUEENS
Middle School,QUEENS
High School,QUEENS
Early Childhood School,QUEENS
High School,QUEENS
Middle / High School,QUEENS
Early Childhood School,QUEENS
Middle School,QUEENS
Middle School,QUEENS
Middle / High School,QUEENS
Elementary / Middle School,QUEENS
High School,QUEENS
High School,QUEENS
High School,QUEENS
High School,QUEENS
High School,QUEENS
YABC,QUEENS
High School,QUEENS
Middle School,QUEENS
Elementary School,QUEENS
Elementary School,QUEENS
Elementary School,QUEENS
Elementary School,QUEENS
Elementary School,QUEENS
Elementary School,QUEENS
Middle School,QUEENS
Elementary School,QUEENS
Elementary School,QUEENS
Elementary School,QUEENS
Elementary School,QUEENS
Elementary School,QUEENS
Elementary School,QUEENS
Elementary School,QUEENS
Elementary School,QUEENS
Elementary School,QUEENS
Elementary School,QUEENS
Middle School,QUEENS
Elementary School,QUEENS
Elementary School,QUEENS
Elementary School,QUEENS
Elementary School,QUEENS
Early Childhood School,QUEENS
Middle School,QUEENS
Elementary School,QUEENS
Elementary School,QUEENS
Middle School,QUEENS
Elementary School,QUEENS
Middle School,QUEENS
Early Childhood School,QUEENS
High School,JAMAICA
High School,QUEENS
High School,JAMAICA
High School,QUEENS
High School,QUEENS
Middle / High School,QUEENS
High School,QUEENS
High School,QUEENS
Middle / High School,QUEENS
Elementary School,QUEENS
Elementary School,QUEENS
Elementary School,QUEENS
Elementary School,QUEENS
Elementary School,QUEENS
Elementary School,QUEENS
Elementary School,QUEENS
Elementary School,QUEENS
Middle School,QUEENS
Elementary School,QUEENS
Middle School,QUEENS
Elementary / Middle School,QUEENS
Elementary School,QUEENS
Elementary School,QUEENS
Elementary School,QUEENS
Elementary School,QUEENS
Elementary School,QUEENS
Elementary School,QUEENS
Elementary / Middle School,QUEENS
Elementary / Middle School,QUEENS
Elementary / Middle School,QUEENS
Elementary School,QUEENS
Elementary School,QUEENS
Middle School,QUEENS
Elementary School,QUEENS
Elementary / Middle School,QUEENS
Middle School,QUEENS
Middle School,QUEENS
High School,QUEENS
Early Childhood School,QUEENS
Middle / High School,QUEENS
High School,QUEENS
Elementary / Middle School,QUEENS
Elementary / Middle School,QUEENS
High School,QUEENS
Middle / High School,QUEENS
Elementary / Middle School,QUEENS
High School,QUEENS
High School,QUEENS
High School,QUEENS
High School,QUEENS
Elementary School,QUEENS
Middle School,QUEENS
Elementary School,QUEENS
Elementary School,QUEENS
Elementary School,QUEENS
Elementary School,QUEENS
Elementary School,QUEENS
Elementary School,QUEENS
Elementary / Middle School,QUEENS
Elementary School,QUEENS
Elementary School,QUEENS
Elementary / Middle School,QUEENS
Elementary School,QUEENS
Elementary / Middle School,QUEENS
Middle School,QUEENS
Elementary / Middle School,QUEENS
Middle School,QUEENS
Middle School,QUEENS
Elementary School,QUEENS
Elementary School,QUEENS
Elementary School,QUEENS
Elementary School,QUEENS
Elementary School,QUEENS
Elementary School,QUEENS
Elementary School,QUEENS
Middle School,QUEENS
Elementary School,QUEENS
Early Childhood School,QUEENS
Middle School,QUEENS
Early Childhood School,QUEENS
Middle School,QUEENS
Elementary School,QUEENS
Middle School,QUEENS
Middle School,QUEENS
High School,QUEENS
High School,QUEENS
High School,QUEENS
High School,QUEENS
High School,QUEENS
High School,QUEENS
High School,QUEENS
Middle / High School,QUEENS
Elementary School,STATEN ISLAND
Middle School,STATEN ISLAND
Elementary School,STATEN ISLAND
Elementary School,STATEN ISLAND
Elementary School,STATEN ISLAND
Elementary School,STATEN ISLAND
Middle School,STATEN ISLAND
Elementary School,STATEN ISLAND
Elementary School,STATEN ISLAND
Elementary School,STATEN ISLAND
Elementary School,STATEN ISLAND
Elementary School,STATEN ISLAND
Elementary School,STATEN ISLAND
Elementary School,STATEN ISLAND
Elementary School,STATEN ISLAND
Elementary School,STATEN ISLAND
Elementary School,STATEN ISLAND
Elementary School,STATEN ISLAND
Middle School,STATEN ISLAND
Elementary School,STATEN ISLAND
Middle School,STATEN ISLAND
Elementary School,STATEN ISLAND
Elementary School,STATEN ISLAND
Elementary School,STATEN ISLAND
Elementary School,STATEN ISLAND
Middle School,STATEN ISLAND
Elementary School,STATEN ISLAND
Elementary School,STATEN ISLAND
Elementary School,STATEN ISLAND
Elementary School,STATEN ISLAND
Elementary School,STATEN ISLAND
Elementary School,STATEN ISLAND
Elementary School,STATEN ISLAND
Elementary School,STATEN ISLAND
Elementary School,STATEN ISLAND
High School,STATEN ISLAND
Elementary School,STATEN ISLAND
Middle School,STATEN ISLAND
Elementary School,STATEN ISLAND
Middle School,STATEN ISLAND
Elementary School,STATEN ISLAND
Elementary School,STATEN ISLAND
Elementary School,STATEN ISLAND
Elementary School,STATEN ISLAND
Elementary School,STATEN ISLAND
Elementary School,STATEN ISLAND
Elementary School,STATEN ISLAND
Elementary School,STATEN ISLAND
Middle School,STATEN ISLAND
Middle School,STATEN ISLAND
High School,STATEN ISLAND
Early Childhood School,STATEN ISLAND
Elementary School,STATEN ISLAND
Middle School,STATEN ISLAND
Middle School,STATEN ISLAND
Elementary / Middle / High School,STATEN ISLAND
High School,STATEN ISLAND
High School,STATEN ISLAND
High School,STATEN ISLAND
High School,STATEN ISLAND
High School,STATEN ISLAND
High School,STATEN ISLAND
High School,STATEN ISLAND
High School,STATEN ISLAND
YABC,STATEN ISLAND
Elementary School,STATEN ISLAND
Elementary School,BROOKLYN
Elementary School,BROOKLYN
Elementary School,BROOKLYN
Elementary School,BROOKLYN
Elementary School,BROOKLYN
Elementary School,BROOKLYN
Elementary School,BROOKLYN
Elementary School,BROOKLYN
Middle School,BROOKLYN
Elementary School,BROOKLYN
Middle School,BROOKLYN
Middle School,BROOKLYN
Elementary School,BROOKLYN
Middle School,BROOKLYN
Middle School,BROOKLYN
Elementary School,BROOKLYN
Elementary / Middle School,BROOKLYN
Middle School,BROOKLYN
Elementary / Middle School,BROOKLYN
High School,BROOKLYN
High School,BROOKLYN
High School,BROOKLYN
High School,BROOKLYN
High School,BROOKLYN
Middle / High School,BROOKLYN
High School,BROOKLYN
High School,BROOKLYN
YABC,BROOKLYN
Middle School,BROOKLYN
Elementary / Middle School,BROOKLYN
Middle School,BROOKLYN
Elementary School,BROOKLYN
Elementary / Middle School,BROOKLYN
Elementary / Middle School,BROOKLYN
High School,BROOKLYN
Middle School,BROOKLYN
Elementary School,BROOKLYN
Elementary School,BROOKLYN
Elementary School,BROOKLYN
Elementary / Middle School,BROOKLYN
Elementary School,BROOKLYN
Middle School,BROOKLYN
Early Childhood School,BROOKLYN
Middle School,BROOKLYN
Early Childhood School,BROOKLYN
Early Childhood School,BROOKLYN
Early Childhood School,BROOKLYN
High School,BROOKLYN
High School,BROOKLYN
Elementary School,BROOKLYN
Elementary School,BROOKLYN
Elementary / Middle School,BROOKLYN
Elementary / Middle School,BROOKLYN
Middle School,BROOKLYN
Middle School,BROOKLYN
Early Childhood School,BROOKLYN
Early Childhood School,BROOKLYN
Middle School,BROOKLYN
Middle School,BROOKLYN
Elementary / Middle School,BROOKLYN
Early Childhood School,BROOKLYN
Early Childhood School,BROOKLYN
Elementary School,BROOKLYN
Early Childhood School,BROOKLYN
Middle School,Brooklyn
Early Childhood School,BROOKLYN
Middle / High School,MANHATTAN
Elementary / Middle / High School,MANHATTAN
Elementary School,MANHATTAN
Elementary School,MANHATTAN
Elementary School,MANHATTAN
Middle School,MANHATTAN
Middle School,MANHATTAN
Elementary / Middle School,MANHATTAN
Elementary School,MANHATTAN
Middle School,New York
Elementary School,MANHATTAN
Middle / High School,MANHATTAN
Elementary / Middle School,MANHATTAN
Early Childhood School,MANHATTAN
Early Childhood School,MANHATTAN
Early Childhood School,MANHATTAN
Early Childhood School,MANHATTAN
Middle School,MANHATTAN
Middle School,MANHATTAN
Elementary School,MANHATTAN
Elementary / Middle School,MANHATTAN
Elementary School,MANHATTAN
High School,MANHATTAN
Elementary School,MANHATTAN
Middle / High School,MANHATTAN
Middle School,MANHATTAN
Elementary / Middle School,MANHATTAN
Elementary School,Arverne
Early Childhood School,QUEENS
Early Childhood School,Long Island City
Elementary School,QUEENS
Elementary / Middle / High School,QUEENS
Elementary / Middle School,QUEENS
Middle School,STATEN ISLAND
Elementary School,BRONX
Elementary / Middle School,BRONX
Elementary School,BRONX
Elementary School,BRONX
Elementary / Middle School,BRONX
Elementary School,BRONX
High School,BRONX
Elementary School,BRONX
Early Childhood School,BRONX
High School,BRONX
Early Childhood School,BRONX
High School,BRONX
Early Childhood School,BRONX
Elementary School,BRONX
Early Childhood School,BRONX
Early Childhood School,BRONX
Early Childhood School,BRONX
Middle School,BRONX
Early Childhood School,BRONX
Early Childhood School,BRONX
Middle / High School,BRONX
Elementary / Middle School,BRONX
Elementary School,BRONX
Elementary / Middle School,BRONX
Elementary / Middle School,BRONX
Elementary School,BRONX
Elementary School,BRONX
